-- phpMyAdmin SQL Dump
-- version 5.2.1
-- https://www.phpmyadmin.net/
--
-- Host: 127.0.0.1:3306
-- Generation Time: Jul 06, 2025 at 11:08 PM
-- Server version: 8.3.0
-- PHP Version: 8.3.6

SET SQL_MODE = "NO_AUTO_VALUE_ON_ZERO";
START TRANSACTION;
SET time_zone = "+00:00";


/*!40101 SET @OLD_CHARACTER_SET_CLIENT=@@CHARACTER_SET_CLIENT */;
/*!40101 SET @OLD_CHARACTER_SET_RESULTS=@@CHARACTER_SET_RESULTS */;
/*!40101 SET @OLD_COLLATION_CONNECTION=@@COLLATION_CONNECTION */;
/*!40101 SET NAMES utf8mb4 */;

--
-- Database: `modernlife`
--

-- --------------------------------------------------------

--
-- Table structure for table `activity_log`
--

DROP TABLE IF EXISTS `activity_log`;
CREATE TABLE IF NOT EXISTS `activity_log` (
  `log_id` int NOT NULL AUTO_INCREMENT,
  `user_id` int DEFAULT NULL,
  `action` varchar(50) NOT NULL,
  `entity_type` varchar(50) NOT NULL,
  `entity_id` int DEFAULT NULL,
  `description` text,
  `ip_address` varchar(45) DEFAULT NULL,
  `created_at` timestamp NULL DEFAULT CURRENT_TIMESTAMP,
  PRIMARY KEY (`log_id`),
  KEY `user_id` (`user_id`)
) ENGINE=InnoDB DEFAULT CHARSET=utf8mb4 COLLATE=utf8mb4_0900_ai_ci;

-- --------------------------------------------------------

--
-- Table structure for table `cache`
--

DROP TABLE IF EXISTS `cache`;
CREATE TABLE IF NOT EXISTS `cache` (
  `key` varchar(190) CHARACTER SET utf8mb4 COLLATE utf8mb4_unicode_ci NOT NULL,
  `value` mediumtext CHARACTER SET utf8mb4 COLLATE utf8mb4_unicode_ci NOT NULL,
  `expiration` int NOT NULL,
  `created_at` timestamp NULL DEFAULT CURRENT_TIMESTAMP,
  `updated_at` timestamp NULL DEFAULT CURRENT_TIMESTAMP ON UPDATE CURRENT_TIMESTAMP,
  PRIMARY KEY (`key`)
) ENGINE=MyISAM DEFAULT CHARSET=utf8mb4 COLLATE=utf8mb4_unicode_ci;

--
-- Dumping data for table `cache`
--

INSERT INTO `cache` (`key`, `value`, `expiration`, `created_at`, `updated_at`) VALUES
('modernlife_cache_spatie.permission.cache', 'a:3:{s:5:\"alias\";a:4:{s:1:\"a\";s:2:\"id\";s:1:\"b\";s:4:\"name\";s:1:\"c\";s:10:\"guard_name\";s:1:\"r\";s:5:\"roles\";}s:11:\"permissions\";a:20:{i:0;a:4:{s:1:\"a\";i:1;s:1:\"b\";s:10:\"view_roles\";s:1:\"c\";s:3:\"web\";s:1:\"r\";a:1:{i:0;i:1;}}i:1;a:4:{s:1:\"a\";i:2;s:1:\"b\";s:12:\"manage-roles\";s:1:\"c\";s:3:\"web\";s:1:\"r\";a:1:{i:0;i:1;}}i:2;a:4:{s:1:\"a\";i:3;s:1:\"b\";s:12:\"create_roles\";s:1:\"c\";s:3:\"web\";s:1:\"r\";a:1:{i:0;i:1;}}i:3;a:4:{s:1:\"a\";i:4;s:1:\"b\";s:10:\"edit_roles\";s:1:\"c\";s:3:\"web\";s:1:\"r\";a:1:{i:0;i:1;}}i:4;a:4:{s:1:\"a\";i:5;s:1:\"b\";s:12:\"delete_roles\";s:1:\"c\";s:3:\"web\";s:1:\"r\";a:1:{i:0;i:1;}}i:5;a:4:{s:1:\"a\";i:6;s:1:\"b\";s:16:\"view_permissions\";s:1:\"c\";s:3:\"web\";s:1:\"r\";a:1:{i:0;i:1;}}i:6;a:4:{s:1:\"a\";i:7;s:1:\"b\";s:18:\"create_permissions\";s:1:\"c\";s:3:\"web\";s:1:\"r\";a:1:{i:0;i:1;}}i:7;a:4:{s:1:\"a\";i:8;s:1:\"b\";s:16:\"edit_permissions\";s:1:\"c\";s:3:\"web\";s:1:\"r\";a:1:{i:0;i:1;}}i:8;a:4:{s:1:\"a\";i:9;s:1:\"b\";s:18:\"delete_permissions\";s:1:\"c\";s:3:\"web\";s:1:\"r\";a:1:{i:0;i:1;}}i:9;a:4:{s:1:\"a\";i:10;s:1:\"b\";s:10:\"view_users\";s:1:\"c\";s:3:\"web\";s:1:\"r\";a:1:{i:0;i:1;}}i:10;a:4:{s:1:\"a\";i:11;s:1:\"b\";s:12:\"create_users\";s:1:\"c\";s:3:\"web\";s:1:\"r\";a:1:{i:0;i:1;}}i:11;a:4:{s:1:\"a\";i:12;s:1:\"b\";s:10:\"edit_users\";s:1:\"c\";s:3:\"web\";s:1:\"r\";a:1:{i:0;i:1;}}i:12;a:4:{s:1:\"a\";i:13;s:1:\"b\";s:12:\"delete_users\";s:1:\"c\";s:3:\"web\";s:1:\"r\";a:1:{i:0;i:1;}}i:13;a:4:{s:1:\"a\";i:14;s:1:\"b\";s:12:\"manage_users\";s:1:\"c\";s:3:\"web\";s:1:\"r\";a:1:{i:0;i:1;}}i:14;a:4:{s:1:\"a\";i:15;s:1:\"b\";s:14:\"view_employees\";s:1:\"c\";s:3:\"web\";s:1:\"r\";a:1:{i:0;i:1;}}i:15;a:4:{s:1:\"a\";i:16;s:1:\"b\";s:16:\"create_employees\";s:1:\"c\";s:3:\"web\";s:1:\"r\";a:1:{i:0;i:1;}}i:16;a:4:{s:1:\"a\";i:17;s:1:\"b\";s:14:\"edit_employees\";s:1:\"c\";s:3:\"web\";s:1:\"r\";a:1:{i:0;i:1;}}i:17;a:4:{s:1:\"a\";i:18;s:1:\"b\";s:16:\"delete_employees\";s:1:\"c\";s:3:\"web\";s:1:\"r\";a:1:{i:0;i:1;}}i:18;a:4:{s:1:\"a\";i:19;s:1:\"b\";s:16:\"manage_employees\";s:1:\"c\";s:3:\"web\";s:1:\"r\";a:1:{i:0;i:1;}}i:19;a:4:{s:1:\"a\";i:20;s:1:\"b\";s:13:\"view_any_role\";s:1:\"c\";s:3:\"web\";s:1:\"r\";a:1:{i:0;i:1;}}}s:5:\"roles\";a:1:{i:0;a:3:{s:1:\"a\";i:1;s:1:\"b\";s:5:\"admin\";s:1:\"c\";s:3:\"web\";}}}', 1751925174, '2025-07-06 21:52:54', '2025-07-06 21:52:54'),
('modernlife_cache_livewire-rate-limiter:a17961fa74e9275d529f489537f179c05d50c2f3:timer', 'i:1751839719;', 1751839719, '2025-07-06 22:07:39', '2025-07-06 22:07:39'),
('modernlife_cache_livewire-rate-limiter:a17961fa74e9275d529f489537f179c05d50c2f3', 'i:1;', 1751839719, '2025-07-06 22:07:39', '2025-07-06 22:07:39');

-- --------------------------------------------------------

--
-- Table structure for table `cache_locks`
--

DROP TABLE IF EXISTS `cache_locks`;
CREATE TABLE IF NOT EXISTS `cache_locks` (
  `key` varchar(190) CHARACTER SET utf8mb4 COLLATE utf8mb4_unicode_ci NOT NULL,
  `owner` varchar(190) CHARACTER SET utf8mb4 COLLATE utf8mb4_unicode_ci NOT NULL,
  `expiration` int NOT NULL,
  `created_at` timestamp NULL DEFAULT CURRENT_TIMESTAMP,
  `updated_at` timestamp NULL DEFAULT CURRENT_TIMESTAMP ON UPDATE CURRENT_TIMESTAMP,
  PRIMARY KEY (`key`)
) ENGINE=MyISAM DEFAULT CHARSET=utf8mb4 COLLATE=utf8mb4_unicode_ci;

-- --------------------------------------------------------

--
-- Table structure for table `clients`
--

DROP TABLE IF EXISTS `clients`;
CREATE TABLE IF NOT EXISTS `clients` (
  `client_id` int NOT NULL AUTO_INCREMENT,
  `client_name` varchar(100) NOT NULL,
  `client_type` enum('individual','company') NOT NULL,
  `tax_number` varchar(50) DEFAULT NULL,
  `commercial_registration` varchar(50) DEFAULT NULL,
  `email` varchar(100) DEFAULT NULL,
  `phone` varchar(20) NOT NULL,
  `secondary_phone` varchar(20) DEFAULT NULL,
  `address` text,
  `city` varchar(50) DEFAULT NULL,
  `country` varchar(50) DEFAULT 'السعودية',
  `is_active` tinyint(1) DEFAULT '1',
  `credit_limit` decimal(15,2) DEFAULT '0.00',
  `payment_terms` int DEFAULT '30',
  `notes` text,
  `created_at` timestamp NULL DEFAULT CURRENT_TIMESTAMP,
  `updated_at` timestamp NULL DEFAULT CURRENT_TIMESTAMP ON UPDATE CURRENT_TIMESTAMP,
  PRIMARY KEY (`client_id`),
  KEY `idx_clients_name` (`client_name`),
  KEY `idx_clients_phone` (`phone`),
  KEY `idx_clients_city` (`city`)
) ENGINE=InnoDB DEFAULT CHARSET=utf8mb4 COLLATE=utf8mb4_0900_ai_ci;

-- --------------------------------------------------------

--
-- Table structure for table `client_contacts`
--

DROP TABLE IF EXISTS `client_contacts`;
CREATE TABLE IF NOT EXISTS `client_contacts` (
  `contact_id` int NOT NULL AUTO_INCREMENT,
  `client_id` int NOT NULL,
  `contact_name` varchar(100) NOT NULL,
  `position` varchar(100) DEFAULT NULL,
  `email` varchar(100) DEFAULT NULL,
  `phone` varchar(20) NOT NULL,
  `is_primary` tinyint(1) DEFAULT '0',
  `notes` text,
  `created_at` timestamp NULL DEFAULT CURRENT_TIMESTAMP,
  `updated_at` timestamp NULL DEFAULT CURRENT_TIMESTAMP ON UPDATE CURRENT_TIMESTAMP,
  PRIMARY KEY (`contact_id`),
  KEY `client_id` (`client_id`)
) ENGINE=InnoDB DEFAULT CHARSET=utf8mb4 COLLATE=utf8mb4_0900_ai_ci;

-- --------------------------------------------------------

--
-- Table structure for table `departments`
--

DROP TABLE IF EXISTS `departments`;
CREATE TABLE IF NOT EXISTS `departments` (
  `dept_id` int NOT NULL AUTO_INCREMENT,
  `factory_id` int NOT NULL DEFAULT '1',
  `dept_name` varchar(100) NOT NULL,
  `dept_code` varchar(20) NOT NULL,
  `parent_dept_id` int DEFAULT '0',
  `dept_type` tinyint NOT NULL,
  `location` varchar(100) DEFAULT NULL,
  `phone_extension` varchar(10) DEFAULT NULL,
  `email` varchar(100) DEFAULT NULL,
  `is_active` tinyint(1) DEFAULT '1',
  `color_code` varchar(7) DEFAULT '#3498db',
  `created_at` timestamp NULL DEFAULT CURRENT_TIMESTAMP,
  `updated_at` timestamp NULL DEFAULT CURRENT_TIMESTAMP ON UPDATE CURRENT_TIMESTAMP,
  PRIMARY KEY (`dept_id`),
  KEY `idx_dept_parent` (`parent_dept_id`),
  KEY `idx_dept_active` (`is_active`)
) ENGINE=InnoDB AUTO_INCREMENT=9 DEFAULT CHARSET=utf8mb4 COLLATE=utf8mb4_0900_ai_ci;

--
-- Dumping data for table `departments`
--

INSERT INTO `departments` (`dept_id`, `factory_id`, `dept_name`, `dept_code`, `parent_dept_id`, `dept_type`, `location`, `phone_extension`, `email`, `is_active`, `color_code`, `created_at`, `updated_at`) VALUES
(7, 1, 'الإدارة', 'CODE-MG', NULL, 4, NULL, NULL, 'mg@mg.com', 1, '#3498db', '2025-07-06 06:25:03', '2025-07-06 06:25:03'),
(8, 1, 'المبيعات', 'CODE-SALES', NULL, 4, NULL, NULL, 'sales@sales.com', 1, '#ad0766', '2025-07-06 06:25:36', '2025-07-06 06:25:36');

-- --------------------------------------------------------

--
-- Table structure for table `department_categories`
--

DROP TABLE IF EXISTS `department_categories`;
CREATE TABLE IF NOT EXISTS `department_categories` (
  `category_id` int NOT NULL AUTO_INCREMENT,
  `category_name` varchar(50) NOT NULL,
  `description` text,
  `color_code` varchar(7) DEFAULT '#95a5a6',
  `icon` varchar(50) DEFAULT NULL,
  `created_at` timestamp NULL DEFAULT CURRENT_TIMESTAMP,
  `updated_at` timestamp NULL DEFAULT CURRENT_TIMESTAMP ON UPDATE CURRENT_TIMESTAMP,
  PRIMARY KEY (`category_id`),
  KEY `category_id` (`category_id`)
) ENGINE=InnoDB AUTO_INCREMENT=7 DEFAULT CHARSET=utf8mb4 COLLATE=utf8mb4_0900_ai_ci;

--
-- Dumping data for table `department_categories`
--

INSERT INTO `department_categories` (`category_id`, `category_name`, `description`, `color_code`, `icon`, `created_at`, `updated_at`) VALUES
(4, 'إداري', NULL, '#de001b', NULL, '2025-07-03 15:39:55', '2025-07-03 15:42:00'),
(5, 'إنتاجي', NULL, '#089600', NULL, '2025-07-03 15:40:20', '2025-07-03 15:42:11'),
(6, 'خدمي', NULL, '#00438a', NULL, '2025-07-03 15:40:30', '2025-07-03 15:42:23');

-- --------------------------------------------------------

--
-- Table structure for table `department_category_mapping`
--

DROP TABLE IF EXISTS `department_category_mapping`;
CREATE TABLE IF NOT EXISTS `department_category_mapping` (
  `dept_id` int NOT NULL,
  `category_id` int NOT NULL,
  `created_at` timestamp NULL DEFAULT CURRENT_TIMESTAMP,
  `updated_at` timestamp NULL DEFAULT CURRENT_TIMESTAMP ON UPDATE CURRENT_TIMESTAMP,
  PRIMARY KEY (`dept_id`,`category_id`),
  KEY `category_id` (`category_id`)
) ENGINE=InnoDB DEFAULT CHARSET=utf8mb4 COLLATE=utf8mb4_0900_ai_ci;

-- --------------------------------------------------------

--
-- Table structure for table `department_managers`
--

DROP TABLE IF EXISTS `department_managers`;
CREATE TABLE IF NOT EXISTS `department_managers` (
  `dept_id` int NOT NULL,
  `employee_id` int NOT NULL,
  `is_primary` tinyint(1) DEFAULT '0',
  `start_date` date NOT NULL,
  `end_date` date DEFAULT NULL,
  `created_at` timestamp NULL DEFAULT CURRENT_TIMESTAMP,
  `updated_at` timestamp NULL DEFAULT CURRENT_TIMESTAMP ON UPDATE CURRENT_TIMESTAMP,
  PRIMARY KEY (`dept_id`,`employee_id`),
  KEY `employee_id` (`employee_id`)
) ENGINE=InnoDB DEFAULT CHARSET=utf8mb4 COLLATE=utf8mb4_0900_ai_ci;

-- --------------------------------------------------------

--
-- Table structure for table `employees`
--

DROP TABLE IF EXISTS `employees`;
CREATE TABLE IF NOT EXISTS `employees` (
  `employee_id` int NOT NULL AUTO_INCREMENT,
  `user_id` int DEFAULT NULL,
  `national_id` varchar(20) DEFAULT NULL,
  `employee_name` varchar(100) NOT NULL,
  `gender` enum('male','female') DEFAULT NULL,
  `birth_date` date DEFAULT NULL,
  `email` varchar(100) DEFAULT NULL,
  `phone` varchar(20) CHARACTER SET utf8mb4 COLLATE utf8mb4_0900_ai_ci DEFAULT NULL,
  `address` text,
  `department_id` int DEFAULT NULL,
  `position` varchar(100) CHARACTER SET utf8mb4 COLLATE utf8mb4_0900_ai_ci DEFAULT NULL,
  `hire_date` date DEFAULT NULL,
  `salary` decimal(15,2) DEFAULT NULL,
  `employment_type` enum('full_time','part_time','contractor') DEFAULT 'full_time',
  `is_active` tinyint(1) DEFAULT '1',
  `emergency_contact_name` varchar(100) DEFAULT NULL,
  `emergency_contact_phone` varchar(20) DEFAULT NULL,
  `notes` text,
  `created_at` timestamp NULL DEFAULT CURRENT_TIMESTAMP,
  `updated_at` timestamp NULL DEFAULT CURRENT_TIMESTAMP ON UPDATE CURRENT_TIMESTAMP,
  PRIMARY KEY (`employee_id`),
  KEY `idx_employees_department` (`department_id`),
  KEY `idx_employees_status` (`is_active`)
) ENGINE=InnoDB AUTO_INCREMENT=7 DEFAULT CHARSET=utf8mb4 COLLATE=utf8mb4_0900_ai_ci;

--
-- Dumping data for table `employees`
--

INSERT INTO `employees` (`employee_id`, `user_id`, `national_id`, `employee_name`, `gender`, `birth_date`, `email`, `phone`, `address`, `department_id`, `position`, `hire_date`, `salary`, `employment_type`, `is_active`, `emergency_contact_name`, `emergency_contact_phone`, `notes`, `created_at`, `updated_at`) VALUES
(6, 9, '2264078805', 'Ahmed Mohamed', 'male', '2025-07-10', 'designer_4ever@hotmail.com', '0560645034', 'Dammam', 7, 'Developer', NULL, NULL, 'full_time', 1, NULL, NULL, NULL, '2025-07-06 06:51:31', '2025-07-06 09:46:32');

-- --------------------------------------------------------

--
-- Table structure for table `failed_jobs`
--

DROP TABLE IF EXISTS `failed_jobs`;
CREATE TABLE IF NOT EXISTS `failed_jobs` (
  `id` bigint UNSIGNED NOT NULL AUTO_INCREMENT,
  `uuid` varchar(190) CHARACTER SET utf8mb4 COLLATE utf8mb4_unicode_ci NOT NULL,
  `connection` text CHARACTER SET utf8mb4 COLLATE utf8mb4_unicode_ci NOT NULL,
  `queue` text CHARACTER SET utf8mb4 COLLATE utf8mb4_unicode_ci NOT NULL,
  `payload` longtext CHARACTER SET utf8mb4 COLLATE utf8mb4_unicode_ci NOT NULL,
  `exception` longtext CHARACTER SET utf8mb4 COLLATE utf8mb4_unicode_ci NOT NULL,
  `failed_at` timestamp NOT NULL DEFAULT CURRENT_TIMESTAMP,
  `created_at` timestamp NULL DEFAULT CURRENT_TIMESTAMP,
  `updated_at` timestamp NULL DEFAULT CURRENT_TIMESTAMP ON UPDATE CURRENT_TIMESTAMP,
  PRIMARY KEY (`id`),
  UNIQUE KEY `failed_jobs_uuid_unique` (`uuid`)
) ENGINE=MyISAM DEFAULT CHARSET=utf8mb4 COLLATE=utf8mb4_unicode_ci;

-- --------------------------------------------------------

--
-- Table structure for table `group_permissions`
--

DROP TABLE IF EXISTS `group_permissions`;
CREATE TABLE IF NOT EXISTS `group_permissions` (
  `group_id` int NOT NULL,
  `permission_id` int NOT NULL,
  `created_at` timestamp NULL DEFAULT CURRENT_TIMESTAMP,
  `updated_at` timestamp NULL DEFAULT CURRENT_TIMESTAMP ON UPDATE CURRENT_TIMESTAMP,
  PRIMARY KEY (`group_id`,`permission_id`),
  KEY `permission_id` (`permission_id`)
) ENGINE=InnoDB DEFAULT CHARSET=utf8mb4 COLLATE=utf8mb4_0900_ai_ci;

--
-- Dumping data for table `group_permissions`
--

INSERT INTO `group_permissions` (`group_id`, `permission_id`, `created_at`, `updated_at`) VALUES
(1, 1, '2025-07-06 05:38:48', '2025-07-06 05:38:48'),
(1, 2, '2025-07-06 05:38:48', '2025-07-06 05:38:48');

-- --------------------------------------------------------

--
-- Table structure for table `jobs`
--

DROP TABLE IF EXISTS `jobs`;
CREATE TABLE IF NOT EXISTS `jobs` (
  `id` bigint UNSIGNED NOT NULL AUTO_INCREMENT,
  `queue` varchar(190) CHARACTER SET utf8mb4 COLLATE utf8mb4_unicode_ci NOT NULL,
  `payload` longtext CHARACTER SET utf8mb4 COLLATE utf8mb4_unicode_ci NOT NULL,
  `attempts` tinyint UNSIGNED NOT NULL,
  `reserved_at` int UNSIGNED DEFAULT NULL,
  `available_at` int UNSIGNED NOT NULL,
  `created_at` int UNSIGNED NOT NULL,
  PRIMARY KEY (`id`),
  KEY `jobs_queue_index` (`queue`)
) ENGINE=MyISAM DEFAULT CHARSET=utf8mb4 COLLATE=utf8mb4_unicode_ci;

-- --------------------------------------------------------

--
-- Table structure for table `job_batches`
--

DROP TABLE IF EXISTS `job_batches`;
CREATE TABLE IF NOT EXISTS `job_batches` (
  `id` varchar(190) CHARACTER SET utf8mb4 COLLATE utf8mb4_unicode_ci NOT NULL,
  `name` varchar(190) CHARACTER SET utf8mb4 COLLATE utf8mb4_unicode_ci NOT NULL,
  `total_jobs` int NOT NULL,
  `pending_jobs` int NOT NULL,
  `failed_jobs` int NOT NULL,
  `failed_job_ids` longtext CHARACTER SET utf8mb4 COLLATE utf8mb4_unicode_ci NOT NULL,
  `options` mediumtext CHARACTER SET utf8mb4 COLLATE utf8mb4_unicode_ci,
  `cancelled_at` int DEFAULT NULL,
  `created_at` int NOT NULL,
  `finished_at` int DEFAULT NULL,
  PRIMARY KEY (`id`)
) ENGINE=MyISAM DEFAULT CHARSET=utf8mb4 COLLATE=utf8mb4_unicode_ci;

-- --------------------------------------------------------

--
-- Table structure for table `lessons_learned`
--

DROP TABLE IF EXISTS `lessons_learned`;
CREATE TABLE IF NOT EXISTS `lessons_learned` (
  `lesson_id` int NOT NULL AUTO_INCREMENT,
  `project_id` int NOT NULL,
  `category` enum('process','quality','schedule','cost','safety') NOT NULL,
  `lesson_description` text NOT NULL,
  `recommendations` text NOT NULL,
  `recorded_by` int NOT NULL,
  `record_date` datetime DEFAULT CURRENT_TIMESTAMP,
  `implemented` tinyint(1) DEFAULT '0',
  `created_at` timestamp NULL DEFAULT CURRENT_TIMESTAMP,
  `updated_at` timestamp NULL DEFAULT CURRENT_TIMESTAMP ON UPDATE CURRENT_TIMESTAMP,
  PRIMARY KEY (`lesson_id`),
  KEY `project_id` (`project_id`),
  KEY `recorded_by` (`recorded_by`)
) ENGINE=InnoDB DEFAULT CHARSET=utf8mb4 COLLATE=utf8mb4_0900_ai_ci;

-- --------------------------------------------------------

--
-- Table structure for table `manufacturing_projects`
--

DROP TABLE IF EXISTS `manufacturing_projects`;
CREATE TABLE IF NOT EXISTS `manufacturing_projects` (
  `project_id` int NOT NULL AUTO_INCREMENT,
  `project_name` varchar(255) NOT NULL,
  `client_id` int NOT NULL,
  `production_manager_id` int DEFAULT NULL,
  `start_date` date DEFAULT NULL,
  `deadline_date` date DEFAULT NULL,
  `actual_end_date` date DEFAULT NULL,
  `status` enum('pending','design','procurement','production','quality_check','installation','completed','delayed') DEFAULT 'pending',
  `priority` tinyint DEFAULT '2',
  `current_phase` tinyint NOT NULL DEFAULT '1',
  `created_at` timestamp NULL DEFAULT CURRENT_TIMESTAMP,
  `updated_at` timestamp NULL DEFAULT CURRENT_TIMESTAMP ON UPDATE CURRENT_TIMESTAMP,
  PRIMARY KEY (`project_id`),
  KEY `production_manager_id` (`production_manager_id`),
  KEY `idx_projects_status` (`status`),
  KEY `idx_projects_deadline` (`deadline_date`),
  KEY `idx_projects_client` (`client_id`)
) ENGINE=InnoDB DEFAULT CHARSET=utf8mb4 COLLATE=utf8mb4_0900_ai_ci;

-- --------------------------------------------------------

--
-- Table structure for table `measurement_units`
--

DROP TABLE IF EXISTS `measurement_units`;
CREATE TABLE IF NOT EXISTS `measurement_units` (
  `unit_id` int NOT NULL AUTO_INCREMENT,
  `unit_name` varchar(20) NOT NULL,
  `unit_symbol` varchar(10) NOT NULL,
  `unit_type` enum('length','weight','volume','area','count') NOT NULL,
  `base_unit` tinyint(1) DEFAULT '0',
  `conversion_factor` decimal(15,6) DEFAULT '1.000000',
  `created_at` timestamp NULL DEFAULT CURRENT_TIMESTAMP,
  `updated_at` timestamp NULL DEFAULT CURRENT_TIMESTAMP ON UPDATE CURRENT_TIMESTAMP,
  PRIMARY KEY (`unit_id`)
) ENGINE=InnoDB DEFAULT CHARSET=utf8mb4 COLLATE=utf8mb4_0900_ai_ci;

-- --------------------------------------------------------

--
-- Table structure for table `migrations`
--

DROP TABLE IF EXISTS `migrations`;
CREATE TABLE IF NOT EXISTS `migrations` (
  `id` int UNSIGNED NOT NULL AUTO_INCREMENT,
  `migration` varchar(255) CHARACTER SET utf8mb4 COLLATE utf8mb4_unicode_ci NOT NULL,
  `batch` int NOT NULL,
  PRIMARY KEY (`id`)
) ENGINE=InnoDB DEFAULT CHARSET=utf8mb4 COLLATE=utf8mb4_unicode_ci;

-- --------------------------------------------------------

--
-- Table structure for table `model_has_permissions`
--

DROP TABLE IF EXISTS `model_has_permissions`;
CREATE TABLE IF NOT EXISTS `model_has_permissions` (
  `permission_id` bigint UNSIGNED NOT NULL,
  `model_type` varchar(150) CHARACTER SET utf8mb4 COLLATE utf8mb4_unicode_ci NOT NULL,
  `model_id` bigint UNSIGNED NOT NULL,
  `created_at` datetime DEFAULT CURRENT_TIMESTAMP,
  `updated_at` datetime DEFAULT CURRENT_TIMESTAMP ON UPDATE CURRENT_TIMESTAMP,
  PRIMARY KEY (`permission_id`,`model_id`,`model_type`)
) ENGINE=InnoDB DEFAULT CHARSET=utf8mb4 COLLATE=utf8mb4_unicode_ci;

-- --------------------------------------------------------

--
-- Table structure for table `model_has_roles`
--

DROP TABLE IF EXISTS `model_has_roles`;
CREATE TABLE IF NOT EXISTS `model_has_roles` (
  `role_id` bigint UNSIGNED NOT NULL,
  `model_type` varchar(150) CHARACTER SET utf8mb4 COLLATE utf8mb4_unicode_ci NOT NULL,
  `model_id` bigint UNSIGNED NOT NULL,
  PRIMARY KEY (`role_id`,`model_id`,`model_type`),
  KEY `model_has_roles_model_id_model_type_index` (`model_id`,`model_type`)
) ENGINE=InnoDB DEFAULT CHARSET=utf8mb4 COLLATE=utf8mb4_unicode_ci;

--
-- Dumping data for table `model_has_roles`
--

INSERT INTO `model_has_roles` (`role_id`, `model_type`, `model_id`) VALUES
(1, 'App\\Models\\User', 1),
(1, 'App\\Models\\Employee', 6);

-- --------------------------------------------------------

--
-- Table structure for table `password_reset_tokens`
--

DROP TABLE IF EXISTS `password_reset_tokens`;
CREATE TABLE IF NOT EXISTS `password_reset_tokens` (
  `email` varchar(190) CHARACTER SET utf8mb4 COLLATE utf8mb4_unicode_ci NOT NULL,
  `token` varchar(190) CHARACTER SET utf8mb4 COLLATE utf8mb4_unicode_ci NOT NULL,
  `created_at` timestamp NULL DEFAULT NULL,
  PRIMARY KEY (`email`)
) ENGINE=MyISAM DEFAULT CHARSET=utf8mb4 COLLATE=utf8mb4_unicode_ci;

-- --------------------------------------------------------

--
-- Table structure for table `permissions`
--

DROP TABLE IF EXISTS `permissions`;
CREATE TABLE IF NOT EXISTS `permissions` (
  `id` bigint UNSIGNED NOT NULL AUTO_INCREMENT,
  `name` varchar(150) CHARACTER SET utf8mb4 COLLATE utf8mb4_unicode_ci NOT NULL,
  `guard_name` varchar(150) CHARACTER SET utf8mb4 COLLATE utf8mb4_unicode_ci NOT NULL,
  `created_at` timestamp NULL DEFAULT NULL,
  `updated_at` timestamp NULL DEFAULT NULL,
  PRIMARY KEY (`id`),
  UNIQUE KEY `permissions_name_guard_name_unique` (`name`,`guard_name`)
) ENGINE=InnoDB AUTO_INCREMENT=21 DEFAULT CHARSET=utf8mb4 COLLATE=utf8mb4_unicode_ci;

--
-- Dumping data for table `permissions`
--

INSERT INTO `permissions` (`id`, `name`, `guard_name`, `created_at`, `updated_at`) VALUES
(1, 'view_roles', 'web', '2025-07-06 03:54:15', '2025-07-06 03:54:15'),
(2, 'manage-roles', 'web', '2025-07-06 04:58:21', '2025-07-06 04:58:21'),
(3, 'create_roles', 'web', '2025-07-06 07:18:11', '2025-07-06 07:18:11'),
(4, 'edit_roles', 'web', '2025-07-06 07:18:11', '2025-07-06 07:18:11'),
(5, 'delete_roles', 'web', '2025-07-06 07:18:11', '2025-07-06 07:18:11'),
(6, 'view_permissions', 'web', '2025-07-06 07:20:03', '2025-07-06 07:20:03'),
(7, 'create_permissions', 'web', '2025-07-06 07:20:03', '2025-07-06 07:20:03'),
(8, 'edit_permissions', 'web', '2025-07-06 07:20:03', '2025-07-06 07:20:03'),
(9, 'delete_permissions', 'web', '2025-07-06 07:20:03', '2025-07-06 07:20:03'),
(10, 'view_users', 'web', '2025-07-06 07:20:03', '2025-07-06 07:20:03'),
(11, 'create_users', 'web', '2025-07-06 07:20:03', '2025-07-06 07:20:03'),
(12, 'edit_users', 'web', '2025-07-06 07:20:03', '2025-07-06 07:20:03'),
(13, 'delete_users', 'web', '2025-07-06 07:20:03', '2025-07-06 07:20:03'),
(14, 'manage_users', 'web', '2025-07-06 07:20:03', '2025-07-06 07:20:03'),
(15, 'view_employees', 'web', '2025-07-06 07:20:03', '2025-07-06 07:20:03'),
(16, 'create_employees', 'web', '2025-07-06 07:20:03', '2025-07-06 07:20:03'),
(17, 'edit_employees', 'web', '2025-07-06 07:20:03', '2025-07-06 07:20:03'),
(18, 'delete_employees', 'web', '2025-07-06 07:20:03', '2025-07-06 07:20:03'),
(19, 'manage_employees', 'web', '2025-07-06 07:20:03', '2025-07-06 07:20:03'),
(20, 'view_any_role', 'web', '2025-07-06 08:30:25', '2025-07-06 08:30:25');

-- --------------------------------------------------------

--
-- Table structure for table `phase_dependencies`
--

DROP TABLE IF EXISTS `phase_dependencies`;
CREATE TABLE IF NOT EXISTS `phase_dependencies` (
  `dependency_id` int NOT NULL AUTO_INCREMENT,
  `phase_id` int NOT NULL,
  `depends_on_phase_id` int NOT NULL,
  `dependency_type` enum('FS','SS','FF','SF') DEFAULT 'FS',
  `lag_days` int DEFAULT '0',
  `created_at` timestamp NULL DEFAULT CURRENT_TIMESTAMP,
  `updated_at` timestamp NULL DEFAULT CURRENT_TIMESTAMP ON UPDATE CURRENT_TIMESTAMP,
  PRIMARY KEY (`dependency_id`),
  KEY `phase_id` (`phase_id`),
  KEY `depends_on_phase_id` (`depends_on_phase_id`)
) ENGINE=MyISAM DEFAULT CHARSET=utf8mb4 COLLATE=utf8mb4_0900_ai_ci;

-- --------------------------------------------------------

--
-- Table structure for table `production_issues`
--

DROP TABLE IF EXISTS `production_issues`;
CREATE TABLE IF NOT EXISTS `production_issues` (
  `issue_id` int NOT NULL AUTO_INCREMENT,
  `project_id` int NOT NULL,
  `phase_id` int DEFAULT NULL,
  `reported_by` int NOT NULL,
  `issue_date` datetime DEFAULT CURRENT_TIMESTAMP,
  `title` varchar(255) NOT NULL,
  `description` text NOT NULL,
  `severity` enum('low','medium','high','critical') NOT NULL,
  `status` enum('open','in_progress','resolved','closed') DEFAULT 'open',
  `resolution_description` text,
  `resolved_by` int DEFAULT NULL,
  `resolved_date` datetime DEFAULT NULL,
  `created_at` timestamp NULL DEFAULT CURRENT_TIMESTAMP,
  `updated_at` timestamp NULL DEFAULT CURRENT_TIMESTAMP ON UPDATE CURRENT_TIMESTAMP,
  PRIMARY KEY (`issue_id`),
  KEY `project_id` (`project_id`),
  KEY `phase_id` (`phase_id`),
  KEY `reported_by` (`reported_by`),
  KEY `resolved_by` (`resolved_by`)
) ENGINE=InnoDB DEFAULT CHARSET=utf8mb4 COLLATE=utf8mb4_0900_ai_ci;

-- --------------------------------------------------------

--
-- Table structure for table `production_lines`
--

DROP TABLE IF EXISTS `production_lines`;
CREATE TABLE IF NOT EXISTS `production_lines` (
  `line_id` int NOT NULL AUTO_INCREMENT,
  `line_name` varchar(100) NOT NULL,
  `department_id` int NOT NULL,
  `capacity_per_hour` decimal(10,2) DEFAULT NULL,
  `status` enum('active','maintenance','inactive') DEFAULT 'active',
  `created_at` timestamp NULL DEFAULT CURRENT_TIMESTAMP,
  `updated_at` timestamp NULL DEFAULT CURRENT_TIMESTAMP ON UPDATE CURRENT_TIMESTAMP,
  PRIMARY KEY (`line_id`),
  KEY `idx_prod_lines_dept` (`department_id`),
  KEY `idx_prod_lines_status` (`status`)
) ENGINE=InnoDB DEFAULT CHARSET=utf8mb4 COLLATE=utf8mb4_0900_ai_ci;

-- --------------------------------------------------------

--
-- Table structure for table `project_delays`
--

DROP TABLE IF EXISTS `project_delays`;
CREATE TABLE IF NOT EXISTS `project_delays` (
  `delay_id` int NOT NULL AUTO_INCREMENT,
  `project_id` int NOT NULL,
  `phase_id` int DEFAULT NULL,
  `delay_days` int NOT NULL,
  `delay_reason` text NOT NULL,
  `responsible_party` enum('internal','external','client') NOT NULL,
  `action_taken` text,
  `recorded_by` int NOT NULL,
  `record_date` datetime DEFAULT CURRENT_TIMESTAMP,
  `created_at` timestamp NULL DEFAULT CURRENT_TIMESTAMP,
  `updated_at` timestamp NULL DEFAULT CURRENT_TIMESTAMP ON UPDATE CURRENT_TIMESTAMP,
  PRIMARY KEY (`delay_id`),
  KEY `project_id` (`project_id`),
  KEY `phase_id` (`phase_id`),
  KEY `recorded_by` (`recorded_by`)
) ENGINE=InnoDB DEFAULT CHARSET=utf8mb4 COLLATE=utf8mb4_0900_ai_ci;

-- --------------------------------------------------------

--
-- Table structure for table `project_files`
--

DROP TABLE IF EXISTS `project_files`;
CREATE TABLE IF NOT EXISTS `project_files` (
  `file_id` int NOT NULL AUTO_INCREMENT,
  `project_id` int NOT NULL,
  `phase_id` int DEFAULT NULL,
  `file_name` varchar(255) NOT NULL,
  `file_path` varchar(512) NOT NULL,
  `file_type` varchar(50) NOT NULL,
  `file_size` int NOT NULL,
  `category` enum('design','contract','report','approval','other') NOT NULL,
  `uploaded_by` int NOT NULL,
  `upload_date` timestamp NULL DEFAULT CURRENT_TIMESTAMP,
  `description` text,
  `version` varchar(20) DEFAULT NULL,
  `is_current` tinyint(1) DEFAULT '1',
  `created_at` timestamp NULL DEFAULT CURRENT_TIMESTAMP,
  `updated_at` timestamp NULL DEFAULT CURRENT_TIMESTAMP ON UPDATE CURRENT_TIMESTAMP,
  PRIMARY KEY (`file_id`),
  KEY `uploaded_by` (`uploaded_by`),
  KEY `idx_files_project` (`project_id`),
  KEY `idx_files_phase` (`phase_id`),
  KEY `idx_files_category` (`category`),
  KEY `idx_files_type` (`file_type`)
) ENGINE=InnoDB DEFAULT CHARSET=utf8mb4 COLLATE=utf8mb4_0900_ai_ci;

-- --------------------------------------------------------

--
-- Table structure for table `project_images`
--

DROP TABLE IF EXISTS `project_images`;
CREATE TABLE IF NOT EXISTS `project_images` (
  `image_id` int NOT NULL AUTO_INCREMENT,
  `project_id` int NOT NULL,
  `phase_id` int DEFAULT NULL,
  `image_name` varchar(255) NOT NULL,
  `image_path` varchar(512) NOT NULL,
  `thumbnail_path` varchar(512) DEFAULT NULL,
  `image_type` enum('progress','issue','final','design','other') NOT NULL,
  `taken_by` int DEFAULT NULL,
  `taken_date` datetime DEFAULT NULL,
  `uploaded_by` int NOT NULL,
  `upload_date` timestamp NULL DEFAULT CURRENT_TIMESTAMP,
  `description` text,
  `location` varchar(100) DEFAULT NULL,
  `tags` json DEFAULT NULL,
  `created_at` timestamp NULL DEFAULT CURRENT_TIMESTAMP,
  `updated_at` timestamp NULL DEFAULT CURRENT_TIMESTAMP ON UPDATE CURRENT_TIMESTAMP,
  PRIMARY KEY (`image_id`),
  KEY `taken_by` (`taken_by`),
  KEY `uploaded_by` (`uploaded_by`),
  KEY `idx_images_project` (`project_id`),
  KEY `idx_images_phase` (`phase_id`),
  KEY `idx_images_type` (`image_type`),
  KEY `idx_images_date` (`taken_date`)
) ENGINE=InnoDB DEFAULT CHARSET=utf8mb4 COLLATE=utf8mb4_0900_ai_ci;

-- --------------------------------------------------------

--
-- Table structure for table `project_material_usage`
--

DROP TABLE IF EXISTS `project_material_usage`;
CREATE TABLE IF NOT EXISTS `project_material_usage` (
  `usage_id` int NOT NULL AUTO_INCREMENT,
  `project_id` int NOT NULL,
  `phase_id` int NOT NULL,
  `material_id` int NOT NULL,
  `planned_quantity` decimal(10,2) NOT NULL,
  `used_quantity` decimal(10,2) NOT NULL,
  `unit_cost` decimal(10,2) NOT NULL,
  `wastage_quantity` decimal(10,2) DEFAULT '0.00',
  `wastage_reason` varchar(255) DEFAULT NULL,
  `created_at` timestamp NULL DEFAULT CURRENT_TIMESTAMP,
  `updated_at` timestamp NULL DEFAULT CURRENT_TIMESTAMP ON UPDATE CURRENT_TIMESTAMP,
  PRIMARY KEY (`usage_id`),
  KEY `phase_id` (`phase_id`),
  KEY `idx_material_usage_project` (`project_id`),
  KEY `idx_material_usage_material` (`material_id`)
) ENGINE=InnoDB DEFAULT CHARSET=utf8mb4 COLLATE=utf8mb4_0900_ai_ci;

-- --------------------------------------------------------

--
-- Table structure for table `project_phases`
--

DROP TABLE IF EXISTS `project_phases`;
CREATE TABLE IF NOT EXISTS `project_phases` (
  `phase_id` int NOT NULL AUTO_INCREMENT,
  `project_id` int NOT NULL,
  `phase_name` varchar(100) NOT NULL,
  `department_id` int NOT NULL,
  `phase_type` enum('sequential','parallel') DEFAULT 'sequential',
  `planned_start` date DEFAULT NULL,
  `actual_start` date DEFAULT NULL,
  `planned_end` date DEFAULT NULL,
  `actual_end` date DEFAULT NULL,
  `status` enum('pending','ready','in_progress','completed','blocked') DEFAULT 'pending',
  `completion_percentage` int DEFAULT '0',
  `notes` text,
  `created_at` timestamp NULL DEFAULT CURRENT_TIMESTAMP,
  `updated_at` timestamp NULL DEFAULT CURRENT_TIMESTAMP ON UPDATE CURRENT_TIMESTAMP,
  PRIMARY KEY (`phase_id`),
  KEY `department_id` (`department_id`),
  KEY `idx_phases_project` (`project_id`),
  KEY `idx_phases_status` (`status`),
  KEY `idx_phases_dates` (`planned_start`,`planned_end`)
) ENGINE=InnoDB DEFAULT CHARSET=utf8mb4 COLLATE=utf8mb4_0900_ai_ci;

-- --------------------------------------------------------

--
-- Table structure for table `project_production_lines`
--

DROP TABLE IF EXISTS `project_production_lines`;
CREATE TABLE IF NOT EXISTS `project_production_lines` (
  `assignment_id` int NOT NULL AUTO_INCREMENT,
  `project_id` int NOT NULL,
  `phase_id` int NOT NULL,
  `production_line_id` int NOT NULL,
  `start_time` datetime DEFAULT NULL,
  `end_time` datetime DEFAULT NULL,
  `actual_start` datetime DEFAULT NULL,
  `actual_end` datetime DEFAULT NULL,
  `status` enum('scheduled','in_progress','completed','delayed') DEFAULT NULL,
  `output_quantity` int DEFAULT NULL,
  `defects_count` int DEFAULT '0',
  `operator_id` int DEFAULT NULL,
  `created_at` timestamp NULL DEFAULT CURRENT_TIMESTAMP,
  `updated_at` timestamp NULL DEFAULT CURRENT_TIMESTAMP ON UPDATE CURRENT_TIMESTAMP,
  PRIMARY KEY (`assignment_id`),
  KEY `project_id` (`project_id`),
  KEY `phase_id` (`phase_id`),
  KEY `production_line_id` (`production_line_id`),
  KEY `operator_id` (`operator_id`)
) ENGINE=InnoDB DEFAULT CHARSET=utf8mb4 COLLATE=utf8mb4_0900_ai_ci;

-- --------------------------------------------------------

--
-- Table structure for table `quality_checks`
--

DROP TABLE IF EXISTS `quality_checks`;
CREATE TABLE IF NOT EXISTS `quality_checks` (
  `check_id` int NOT NULL AUTO_INCREMENT,
  `project_id` int NOT NULL,
  `phase_id` int NOT NULL,
  `check_date` datetime DEFAULT CURRENT_TIMESTAMP,
  `inspector_id` int NOT NULL,
  `check_type` enum('incoming','in_process','final') NOT NULL,
  `result` enum('passed','failed','conditional') NOT NULL,
  `defects_found` int DEFAULT '0',
  `notes` text,
  `corrective_actions` text,
  `created_at` timestamp NULL DEFAULT CURRENT_TIMESTAMP,
  `updated_at` timestamp NULL DEFAULT CURRENT_TIMESTAMP ON UPDATE CURRENT_TIMESTAMP,
  PRIMARY KEY (`check_id`),
  KEY `project_id` (`project_id`),
  KEY `phase_id` (`phase_id`),
  KEY `inspector_id` (`inspector_id`)
) ENGINE=InnoDB DEFAULT CHARSET=utf8mb4 COLLATE=utf8mb4_0900_ai_ci;

-- --------------------------------------------------------

--
-- Table structure for table `roles`
--

DROP TABLE IF EXISTS `roles`;
CREATE TABLE IF NOT EXISTS `roles` (
  `id` bigint UNSIGNED NOT NULL AUTO_INCREMENT,
  `name` varchar(150) CHARACTER SET utf8mb4 COLLATE utf8mb4_unicode_ci NOT NULL,
  `guard_name` varchar(150) CHARACTER SET utf8mb4 COLLATE utf8mb4_unicode_ci NOT NULL,
  `created_at` timestamp NULL DEFAULT NULL,
  `updated_at` timestamp NULL DEFAULT NULL,
  PRIMARY KEY (`id`)
) ENGINE=InnoDB AUTO_INCREMENT=2 DEFAULT CHARSET=utf8mb4 COLLATE=utf8mb4_unicode_ci;

--
-- Dumping data for table `roles`
--

INSERT INTO `roles` (`id`, `name`, `guard_name`, `created_at`, `updated_at`) VALUES
(1, 'admin', 'web', '2025-07-06 07:18:11', '2025-07-06 07:18:11');

-- --------------------------------------------------------

--
-- Table structure for table `role_has_permissions`
--

DROP TABLE IF EXISTS `role_has_permissions`;
CREATE TABLE IF NOT EXISTS `role_has_permissions` (
  `permission_id` bigint UNSIGNED NOT NULL,
  `role_id` bigint UNSIGNED NOT NULL,
  PRIMARY KEY (`permission_id`,`role_id`),
  KEY `role_has_permissions_role_id_foreign` (`role_id`)
) ENGINE=InnoDB DEFAULT CHARSET=utf8mb4 COLLATE=utf8mb4_unicode_ci;

--
-- Dumping data for table `role_has_permissions`
--

INSERT INTO `role_has_permissions` (`permission_id`, `role_id`) VALUES
(1, 1),
(2, 1),
(3, 1),
(4, 1),
(5, 1),
(6, 1),
(7, 1),
(8, 1),
(9, 1),
(10, 1),
(11, 1),
(12, 1),
(13, 1),
(14, 1),
(15, 1),
(16, 1),
(17, 1),
(18, 1),
(19, 1),
(20, 1);

-- --------------------------------------------------------

--
-- Table structure for table `sessions`
--

DROP TABLE IF EXISTS `sessions`;
CREATE TABLE IF NOT EXISTS `sessions` (
  `id` varchar(190) CHARACTER SET utf8mb4 COLLATE utf8mb4_unicode_ci NOT NULL,
  `user_id` bigint UNSIGNED DEFAULT NULL,
  `ip_address` varchar(45) CHARACTER SET utf8mb4 COLLATE utf8mb4_unicode_ci DEFAULT NULL,
  `user_agent` text CHARACTER SET utf8mb4 COLLATE utf8mb4_unicode_ci,
  `payload` longtext CHARACTER SET utf8mb4 COLLATE utf8mb4_unicode_ci NOT NULL,
  `last_activity` int NOT NULL,
  `created_at` timestamp NULL DEFAULT CURRENT_TIMESTAMP,
  `updated_at` timestamp NULL DEFAULT CURRENT_TIMESTAMP ON UPDATE CURRENT_TIMESTAMP,
  PRIMARY KEY (`id`),
  KEY `sessions_user_id_index` (`user_id`),
  KEY `sessions_last_activity_index` (`last_activity`)
) ENGINE=MyISAM DEFAULT CHARSET=utf8mb4 COLLATE=utf8mb4_unicode_ci;

--
-- Dumping data for table `sessions`
--

INSERT INTO `sessions` (`id`, `user_id`, `ip_address`, `user_agent`, `payload`, `last_activity`, `created_at`, `updated_at`) VALUES
('aieCgnwA3fj4zS1L7pqaAYOJ5tqTeNc4OAonQptc', 1, '127.0.0.1', 'Mozilla/5.0 (Windows NT 10.0; Win64; x64) AppleWebKit/537.36 (KHTML, like Gecko) Chrome/137.0.0.0 Safari/537.36', 'YTo2OntzOjY6Il90b2tlbiI7czo0MDoibVB2ZEZIT1N6Rkh0aGJXNmx3bVZzRmRLSGhlbW1oQ1NkNGVoVXR0eCI7czozOiJ1cmwiO2E6MDp7fXM6OToiX3ByZXZpb3VzIjthOjE6e3M6MzoidXJsIjtzOjQ5OiJodHRwOi8vMTI3LjAuMC4xOjgwMDAvYWRtaW4vZGVwYXJ0bWVudC1jYXRlZ29yaWVzIjt9czo2OiJfZmxhc2giO2E6Mjp7czozOiJvbGQiO2E6MDp7fXM6MzoibmV3IjthOjA6e319czo1MDoibG9naW5fd2ViXzU5YmEzNmFkZGMyYjJmOTQwMTU4MGYwMTRjN2Y1OGVhNGUzMDk4OWQiO2k6MTtzOjE3OiJwYXNzd29yZF9oYXNoX3dlYiI7czo2MDoiJDJ5JDEyJDE3bEVQOXloTWRqZmp6N3JnNmVkRy5uRG5LRU9vWGpsYXZWeWlFaWNCbWZUTnp3Q0NjRHZXIjt9', 1751839671, '2025-07-06 22:07:39', '2025-07-06 22:07:51'),
('HIEn9e8A6EraCyLRlcZ7IkIbU4nIHyMsYKCA0Rmk', 1, '127.0.0.1', 'Mozilla/5.0 (Windows NT 10.0; Win64; x64) AppleWebKit/537.36 (KHTML, like Gecko) Chrome/137.0.0.0 Safari/537.36', 'YTo1OntzOjY6Il90b2tlbiI7czo0MDoiMTlVR1BOQ1BzVnFyQVR4VnZKNXBHUXBwOW9pWEpiMzc5U0hDQTBxMiI7czo1MDoibG9naW5fd2ViXzU5YmEzNmFkZGMyYjJmOTQwMTU4MGYwMTRjN2Y1OGVhNGUzMDk4OWQiO2k6MTtzOjE3OiJwYXNzd29yZF9oYXNoX3dlYiI7czo2MDoiJDJ5JDEyJDE3bEVQOXloTWRqZmp6N3JnNmVkRy5uRG5LRU9vWGpsYXZWeWlFaWNCbWZUTnp3Q0NjRHZXIjtzOjk6Il9wcmV2aW91cyI7YToxOntzOjM6InVybCI7czo0OToiaHR0cDovLzEyNy4wLjAuMTo4MDAwL2FkbWluL2RlcGFydG1lbnQtY2F0ZWdvcmllcyI7fXM6NjoiX2ZsYXNoIjthOjI6e3M6Mzoib2xkIjthOjA6e31zOjM6Im5ldyI7YTowOnt9fX0=', 1751840443, '2025-07-06 19:26:47', '2025-07-06 22:20:43'),
('5Y5bjKFuXNsMNpesZPCfS5mfGl3xXxPdgfJQKqxm', 1, '127.0.0.1', 'Mozilla/5.0 (Windows NT 10.0; Win64; x64) AppleWebKit/537.36 (KHTML, like Gecko) Chrome/137.0.0.0 Safari/537.36', 'YTo2OntzOjY6Il90b2tlbiI7czo0MDoiMUFpcm52c1VpdlRiaXZhQ2cwSVYwTzFQZm5IdnNJUng1Q3p4eDZyZSI7czozOiJ1cmwiO2E6MDp7fXM6OToiX3ByZXZpb3VzIjthOjE6e3M6MzoidXJsIjtzOjQ5OiJodHRwOi8vMTI3LjAuMC4xOjgwMDAvYWRtaW4vZGVwYXJ0bWVudC1jYXRlZ29yaWVzIjt9czo2OiJfZmxhc2giO2E6Mjp7czozOiJvbGQiO2E6MDp7fXM6MzoibmV3IjthOjA6e319czo1MDoibG9naW5fd2ViXzU5YmEzNmFkZGMyYjJmOTQwMTU4MGYwMTRjN2Y1OGVhNGUzMDk4OWQiO2k6MTtzOjE3OiJwYXNzd29yZF9oYXNoX3dlYiI7czo2MDoiJDJ5JDEyJDE3bEVQOXloTWRqZmp6N3JnNmVkRy5uRG5LRU9vWGpsYXZWeWlFaWNCbWZUTnp3Q0NjRHZXIjt9', 1751838951, '2025-07-06 20:36:39', '2025-07-06 21:55:51');

-- --------------------------------------------------------

--
-- Table structure for table `system_logs`
--

DROP TABLE IF EXISTS `system_logs`;
CREATE TABLE IF NOT EXISTS `system_logs` (
  `log_id` int NOT NULL AUTO_INCREMENT,
  `log_level` enum('info','warning','error','critical') NOT NULL,
  `message` text NOT NULL,
  `context` json DEFAULT NULL,
  `created_at` timestamp NULL DEFAULT CURRENT_TIMESTAMP,
  `ip_address` varchar(45) DEFAULT NULL,
  PRIMARY KEY (`log_id`)
) ENGINE=InnoDB DEFAULT CHARSET=utf8mb4 COLLATE=utf8mb4_0900_ai_ci;

-- --------------------------------------------------------

--
-- Table structure for table `system_settings`
--

DROP TABLE IF EXISTS `system_settings`;
CREATE TABLE IF NOT EXISTS `system_settings` (
  `setting_id` int NOT NULL AUTO_INCREMENT,
  `setting_key` varchar(50) NOT NULL,
  `setting_value` text NOT NULL,
  `setting_group` varchar(50) DEFAULT NULL,
  `is_public` tinyint(1) DEFAULT '0',
  `description` text,
  `created_at` timestamp NULL DEFAULT CURRENT_TIMESTAMP,
  `updated_at` timestamp NULL DEFAULT CURRENT_TIMESTAMP ON UPDATE CURRENT_TIMESTAMP,
  PRIMARY KEY (`setting_id`),
  UNIQUE KEY `setting_key` (`setting_key`),
  KEY `idx_settings_key` (`setting_key`),
  KEY `idx_settings_group` (`setting_group`)
) ENGINE=InnoDB DEFAULT CHARSET=utf8mb4 COLLATE=utf8mb4_0900_ai_ci;

-- --------------------------------------------------------

--
-- Table structure for table `users`
--

DROP TABLE IF EXISTS `users`;
CREATE TABLE IF NOT EXISTS `users` (
  `id` bigint UNSIGNED NOT NULL AUTO_INCREMENT,
  `name` varchar(190) CHARACTER SET utf8mb4 COLLATE utf8mb4_unicode_ci NOT NULL,
  `email` varchar(190) CHARACTER SET utf8mb4 COLLATE utf8mb4_unicode_ci NOT NULL,
  `email_verified_at` timestamp NULL DEFAULT NULL,
  `password` varchar(190) CHARACTER SET utf8mb4 COLLATE utf8mb4_unicode_ci NOT NULL,
  `remember_token` varchar(100) CHARACTER SET utf8mb4 COLLATE utf8mb4_unicode_ci DEFAULT NULL,
  `created_at` timestamp NULL DEFAULT NULL,
  `updated_at` timestamp NULL DEFAULT NULL,
  PRIMARY KEY (`id`)
) ENGINE=MyISAM AUTO_INCREMENT=10 DEFAULT CHARSET=utf8mb4 COLLATE=utf8mb4_unicode_ci;

--
-- Dumping data for table `users`
--

INSERT INTO `users` (`id`, `name`, `email`, `email_verified_at`, `password`, `remember_token`, `created_at`, `updated_at`) VALUES
(1, 'Admin', 'info@a-elsayed.com', NULL, '$2y$12$17lEP9yhMdjfjz7rg6edG.nDnKEOoXjlavVyiEicBmfTNzwCCcDvW', 'hgTyTeblDreIZJL7S9hGK2ijdzFX0soXK39iYq1s2Yw5L1kY2Scwp4g619Rd', '2025-07-03 14:55:58', '2025-07-03 14:55:58'),
(9, 'Ahmed', 'ahmed@ahmed.com', NULL, '$2y$12$aiSMdB4n8WXQC5nfLjwBceoi35opjjY1.9U86/7dQPo7B6SNlEjz6', NULL, '2025-07-06 06:51:31', '2025-07-06 06:51:31');

--
-- Constraints for dumped tables
--

--
-- Constraints for table `model_has_permissions`
--
ALTER TABLE `model_has_permissions`
  ADD CONSTRAINT `model_has_permissions_permission_id_foreign` FOREIGN KEY (`permission_id`) REFERENCES `permissions` (`id`) ON DELETE CASCADE;

--
-- Constraints for table `model_has_roles`
--
ALTER TABLE `model_has_roles`
  ADD CONSTRAINT `model_has_roles_role_id_foreign` FOREIGN KEY (`role_id`) REFERENCES `roles` (`id`) ON DELETE CASCADE;

--
-- Constraints for table `role_has_permissions`
--
ALTER TABLE `role_has_permissions`
  ADD CONSTRAINT `role_has_permissions_permission_id_foreign` FOREIGN KEY (`permission_id`) REFERENCES `permissions` (`id`) ON DELETE CASCADE,
  ADD CONSTRAINT `role_has_permissions_role_id_foreign` FOREIGN KEY (`role_id`) REFERENCES `roles` (`id`) ON DELETE CASCADE;
COMMIT;

/*!40101 SET CHARACTER_SET_CLIENT=@OLD_CHARACTER_SET_CLIENT */;
/*!40101 SET CHARACTER_SET_RESULTS=@OLD_CHARACTER_SET_RESULTS */;
/*!40101 SET COLLATION_CONNECTION=@OLD_COLLATION_CONNECTION */;
